company	industries	deeptech
Healthcardionexion.com	['health']	1.0
4P Pharma	['health', 'fintech']	1.0
AFYREN	['energy']	1.0
Abbelight	['health']	1.0
AblaCare	['health']	1.0
Acklio	['telecom']	1.0
Actronika	['enterprise software']	1.0
Acubens	['health']	1.0
Addidream	['health']	1.0
AddUp	['fintech']	1.0
Adionics	['energy']	1.0
Acs Biotech	['health']	1.0
Aenitis	['health']	1.0
AFULudine	['energy']	1.0
AgenT	['health']	1.0
APSI 3D	['energy', 'semiconductors']	1.0
Air-Serenity	['health']	1.0
Air-Lynx	['telecom']	1.0
AirMems	['semiconductors']	1.0
Airthium	['energy']	1.0
Ajelis	[]	1.0
Akheros	['security']	1.0
Akryvia	['robotics']	1.0
Aledia	['semiconductors']	1.0
Algodone	['legal', 'semiconductors']	1.0
Algosource	['health']	1.0
Alizé Pharma	['health']	1.0
Alphanosos	['health']	1.0
Alsid	['security', 'enterprise software']	1.0
Altevax	['health']	1.0
ALZOHIS	['health']	1.0
Amoneta Diagnostics SAS	['health']	1.0
Amypore	['health']	1.0
Anagenesis	['health']	1.0
Apix Analytics	['energy']	1.0
Anatoscope	['health']	1.0
Angus.AI	['enterprise software']	1.0
Antabio	['health']	1.0
Antescofo	['music']	1.0
Anywaves	['semiconductors']	1.0
APCure	['health']	1.0
Apizee	['health', 'enterprise software']	1.0
Aqemia	['health']	1.0
Argosim	['enterprise software']	1.0
Armor	['security', 'enterprise software']	1.0
Arskan	['media']	1.0
Astraveus	['health']	1.0
Augment	['marketing', 'enterprise software']	1.0
Autokab	['transportation']	1.0
Aveine	['food', 'enterprise software']	1.0
Avril	['fintech']	1.0
AYKOW	['home living']	1.0
Ayni	['education']	1.0
Babyprogress	['health', 'kids']	1.0
Balyo	['robotics', 'transportation']	1.0
Beam	['fintech']	1.0
BeeBryte	['real estate', 'energy']	1.0
BIOMAE	['health']	1.0
BioMathematica	['health']	1.0
BIOMILLENIA	['health']	1.0
Biomodex	['health', 'education']	1.0
Biophytis	['health']	1.0
Biosency	['health']	1.0
Bioserenity	['health']	1.0
SAS BIOSPEEDIA	['health']	1.0
Blazar	[]	1.0
Bleckwen	['security', 'fintech']	1.0
Bluescop	[]	1.0
Bonetag	['health']	1.0
BrainEver	['health']	1.0
BrainPlotting	['health']	1.0
Braintale	['health']	1.0
BrainVectis	['health']	1.0
C4Diagnostics	['health']	1.0
CAILabs	['telecom', 'semiconductors']	1.0
Calixar	['health']	1.0
CallDesk	['marketing', 'enterprise software']	1.0
Cardiawave	['health']	1.0
CardioLogs	['health']	1.0
Cartesiam	[]	1.0
Carthera	['health']	1.0
Case Law Analytics	['legal', 'telecom']	1.0
Celescreen	['health', 'wellness beauty']	1.0
CELL-EASY	[]	1.0
Cellectis	['health']	1.0
Celloz	['real estate']	1.0
Ciloa SAS	['health']	1.0
Cinequant	['enterprise software']	1.0
Cintoo	['real estate']	1.0
CLINIFIT	['health']	1.0
Cliris	['enterprise software']	1.0
ClosyCom	['telecom']	1.0
Cogniteev	['enterprise software']	1.0
Copeeks	['food']	1.0
Cornis	['energy']	1.0
CorWave	['health']	1.0
Cosmian	['security', 'fintech']	1.0
Craft AI	['enterprise software']	1.0
Crosslux	['energy']	1.0
CryoCapCell	['health']	1.0
CybelAngel	['security']	1.0
CybeleTech	['food']	1.0
Cyber-Detect	['security']	1.0
Cysalys	['energy']	1.0
DAMAVAN IMAGING	[]	1.0
Datadome	['security']	1.0
DATEXIM	['health']	1.0
DAUMET	['home living']	1.0
Dawex	['telecom', 'enterprise software']	1.0
Deepomatic	['enterprise software']	1.0
DeepOR	['health']	1.0
Defymed	['health']	1.0
Delair	['robotics', 'enterprise software']	1.0
Delled	['food']	1.0
DeltaBlock	['fintech']	1.0
Demeta	[]	1.0
Depixus	['health']	1.0
Devialet	['music', 'home living']	1.0
Diabeloop	['health']	1.0
Diafir	['health']	1.0
Diamidex	['health']	1.0
Diamlite	['robotics']	1.0
Dianosic	['health']	1.0
Digeiz	['marketing', 'enterprise software']	1.0
Dilepix	['food', 'robotics']	1.0
DiogenX	['health']	1.0
DocTrackr	['security', 'fintech']	1.0
DreamQuark	['fintech', 'enterprise software']	1.0
Dreem	['health']	1.0
Dynacure	['health']	1.0
Earthcube	['energy']	1.0
ECHY	['energy']	1.0
Eco-adapt	['energy']	1.0
Ecoat	[]	1.0
Elichens	['semiconductors', 'enterprise software']	1.0
Elistair	['robotics', 'transportation']	1.0
CellProthera	['health']	1.0
Elum Energy	['energy']	1.0
Elvesys	['health']	1.0
Elyssamed	['health']	1.0
Embodme	['music']	1.0
Enancio	['enterprise software']	1.0
Encefa	['health']	1.0
Endodiag	['health']	1.0
EnerBee	['energy', 'home living']	1.0
Energiency	['energy']	1.0
Enhancia	['music']	1.0
Enobraq	['health', 'energy']	1.0
Enyx	['fintech']	1.0
E-Odyn	['enterprise software']	1.0
Eomys	['energy']	1.0
E-PHY-SCIENCE	['education']	1.0
Ergosup	['energy']	1.0
Erypharm	['health']	1.0
Eshard	['security']	1.0
ETISENSE SAS	['health']	1.0
Euveka	['fashion']	1.0
EVaderis	[]	1.0
ExactCure	['health']	1.0
Exagan	['energy', 'semiconductors']	1.0
Nextbiotix	['health']	1.0
Exotrail	['energy', 'robotics']	1.0
Expliseat	['transportation']	1.0
Expressivee	['music']	1.0
Extralab	['media']	1.0
Nosoft	['marketing']	1.0
E-zyvec	['health']	1.0
Fair&Smart	['marketing']	1.0
Fairbrics	['fashion', 'energy']	1.0
Febus Optics	['semiconductors']	1.0
Feroscan	[]	1.0
Ffly4u	['enterprise software']	1.0
Fi2Med	['health']	1.0
FiberMetrix	['health']	1.0
FittingBox	['enterprise software']	1.0
Fluidion	[]	1.0
Foodvisor	['health', 'food']	1.0
ForCity	['real estate', 'enterprise software']	1.0
Frecnsys	['food', 'telecom']	1.0
Freemens SAS	['energy']	1.0
Gen.Orph	['health']	1.0
Genel	['marketing']	1.0
Genochem	['health']	1.0
Genoskin	['health']	1.0
Geocorail	['security', 'real estate']	1.0
Geoflex	['telecom']	1.0
GeoTwin	[]	1.0
GlioCure	['health']	1.0
Global Sensing Technologies	['semiconductors']	1.0
GLOphotonics	['semiconductors']	1.0
Orphan Europe SARL	['health']	1.0
GRAPHEAL	['health', 'enterprise software']	1.0
Green Impulse	['food']	1.0
Greenerwave	['telecom']	1.0
Greentropism	['health', 'enterprise software']	1.0
Gwagenn	['security']	1.0
HalioDx	['health']	1.0
Hephaistos-Pharma	['health']	1.0
Heuritech	['marketing', 'enterprise software']	1.0
HiFiBiO Therapeutics	['health']	1.0
H-Immune	['health']	1.0
HINS	[]	1.0
HOOMANO	['robotics']	1.0
Horama	['health']	1.0
Hprobe	['semiconductors']	1.0
HydrOcean	['energy']	1.0
Hypra	['health']	1.0
HySiLabs	['energy']	1.0
Iconeus	['health']	1.0
lex.ec	['fintech', 'hosting']	1.0
Igyxos	['health']	1.0
Iktos	['health']	1.0
IMEAN	['health']	1.0
Imescia	['health']	1.0
ImmuSmol SAS (traded as Explicyte Immuno-Oncology)	['health']	1.0
Imvitro	['health']	1.0
In'Air Solutions	['transportation']	1.0
Inalve	['food']	1.0
InHeart	['health']	1.0
INNOSEA	['energy']	1.0
INOREVIA	['health']	1.0
Inotrem	['health']	1.0
Inovactis	['health']	1.0
Inoviem Scientific	['health']	1.0
InSimo	['health', 'education']	1.0
Inventiva Pharma	['health']	1.0
IoTerop	['enterprise software']	1.0
IRLYNX	['energy']	1.0
Isabo	['enterprise software']	1.0
I-Sep	['health']	1.0
iSketchnote	['energy']	1.0
ISORG	['home living']	1.0
ISYBOT	['robotics']	1.0
I-Ten	['energy']	1.0
Ixaltis	['health']	1.0
Kamax	['health']	1.0
Kapsera.com	['food']	1.0
Kayrros	['energy', 'enterprise software']	1.0
Kemwatt	['energy']	1.0
Keranova	['health']	1.0
Kesitys	['fintech', 'enterprise software']	1.0
Kineis	['telecom']	1.0
Kinnov Therapeutics	['health']	1.0
Klearia	['robotics']	1.0
Krono-Safe	['enterprise software']	1.0
In’Oya	['health']	1.0
Lactips	['food']	1.0
Lalilo	['education']	1.0
Lamark	['media', 'marketing']	1.0
Lancey	['energy', 'home living']	1.0
Ledger	['fintech']	1.0
Levels3D	['enterprise software']	1.0
Lexistems	['telecom', 'enterprise software']	1.0
LightOn	['robotics', 'semiconductors']	1.0
Limatech	['energy', 'transportation']	1.0
LimFlow	['health']	1.0
Lipofabrik	['health', 'marketing']	1.0
LKSpatialist	['real estate']	1.0
Logpickr	['transportation', 'enterprise software']	1.0
Lsee / innovation	['health', 'wellness beauty']	1.0
Lucine	['health']	1.0
Lumedix	['health']	1.0
LXRepair	['health']	1.0
Lybero	['security']	1.0
Lyophitech	['food']	1.0
Lytid	['semiconductors']	1.0
MaaT Pharma	['health']	1.0
MAbSilico	['health']	1.0
MagIA Diagnostic	['health']	1.0
MAPPEM Geophysics	['energy']	1.0
MastOR	['health', 'robotics']	1.0
MATERR'UP	['real estate']	1.0
Mathym	['health', 'robotics']	1.0
McPhy Energy	['energy']	1.0
Medappcare	['health']	1.0
MedDay	['health']	1.0
MedinCell	['health']	1.0
Meersens	['health']	1.0
M2i Life Sciences	['food']	1.0
Metron	['energy']	1.0
Microbs	['food']	1.0
MilliDrop	['health']	1.0
Mipsology	['education', 'semiconductors']	1.0
MirSense	['semiconductors']	1.0
Mistic	[]	1.0
Miuros	['enterprise software']	1.0
Mob-Energy	['energy']	1.0
Molsid	['health']	1.0
Moovency	['health']	1.0
MORPHOSENSE	['enterprise software']	1.0
MT-act	['health']	1.0
Multiposting	['jobs recruitment']	1.0
Muquans	[]	1.0
My brain	['health', 'wellness beauty']	1.0
Mycophyto	['health']	1.0
Myenterix	['health']	1.0
MyoPowers Medical Technologies	['health']	1.0
Naïo Technologies	['food', 'robotics']	1.0
Nanogen Pharmaceutical Biotechnology	['health']	1.0
Navee	['security', 'media']	1.0
Navya	['robotics', 'transportation']	1.0
Neoplants	['health']	1.0
NeoVirTech	['health']	1.0
Neta Tech	['semiconductors']	1.0
NETRI	['health']	1.0
Neuradom	['health']	1.0
Neurallys	['health']	1.0
Neurophoenix	['health']	1.0
Nextmind	['health']	1.0
NEXXAI	['fintech', 'enterprise software']	1.0
Nixys	['health']	1.0
Nodea Medical	['health']	1.0
Novadiscovery	['health']	1.0
Novae	['semiconductors']	1.0
NovaGray	['health']	1.0
NukkAI	['gaming']	1.0
Nutri'Earth	['health', 'food']	1.0
Nyctale	['fintech']	1.0
OLENERGIES	['energy', 'enterprise software']	1.0
Olikrom	[]	1.0
Olvid	['media']	1.0
OncoDiag	['health']	1.0
Onhys	['event tech', 'enterprise software']	1.0
Orixha	['health']	1.0
Orok	['energy', 'robotics']	1.0
Orosound	['home living']	1.0
Osivax	['health']	1.0
Outsight	['robotics']	1.0
Owkin	['health', 'enterprise software']	1.0
Oxiproteomics sas	['health', 'food']	1.0
Pasqal	['semiconductors']	1.0
Pep-Therapy	['health']	1.0
Peptimimesis	['health']	1.0
Percipio Robotics S.A.	['robotics']	1.0
Percko	['health', 'wellness beauty']	1.0
Phenocell	['health']	1.0
Phonoptics	[]	1.0
Phost’in	['health']	1.0
Pili	['health', 'fintech']	1.0
Pixmap	['robotics']	1.0
Pixyl	['health', 'enterprise software']	1.0
PKparis	[]	1.0
Plasmabiotics	['health']	1.0
Poietis	['health']	1.0
Polygon Physics SAS	['energy']	1.0
Poxel	['health']	1.0
PRAGMA Therapeutics	['health']	1.0
Precogs	['enterprise software']	1.0
Predisurge	['health']	1.0
Prestodiag	['health']	1.0
Prevision IO	[]	1.0
Primo1D	['fashion']	1.0
ProGeLife	['health']	1.0
Prophesee	['robotics', 'semiconductors']	1.0
QantEv	['health']	1.0
Qapa	['jobs recruitment']	1.0
Qfluidics	['health']	1.0
QUANDELA	['energy', 'semiconductors']	1.0
Quantmetry	['marketing', 'enterprise software']	1.0
Qucit	['enterprise software']	1.0
Quortex	['media']	1.0
Qwant	[]	1.0
Qynapse	['health', 'enterprise software']	1.0
RealityTech	['education']	1.0
Redtechnologies	['telecom']	1.0
Regaind	['media', 'enterprise software']	1.0
RegStem	['health']	1.0
Regulaxis	['health']	1.0
Riminder	['jobs recruitment', 'enterprise software']	1.0
Rubix SI	['home living', 'semiconductors']	1.0
Genfit	['health']	1.0
SafeHeal	['health']	1.0
Santech	['health', 'enterprise software']	1.0
SCALINX	['semiconductors']	1.0
Scality	['enterprise software']	1.0
Scanae	['food']	1.0
Script&Go	['real estate']	1.0
SeaBubbles	['robotics', 'transportation']	1.0
Secure-IC	['security']	1.0
Seekyo Therapeutics	['health']	1.0
Semeia	[]	1.0
Sensewaves	['energy']	1.0
Sensome	['health']	1.0
Sentryo	['security']	1.0
SEPARATIVE	['health']	1.0
SeqOne	['health']	1.0
Sequanta	[]	1.0
Sereema	['energy']	1.0
SESAMm	['fintech', 'enterprise software']	1.0
ShareMySpace	['fashion']	1.0
Silltec	['real estate', 'semiconductors']	1.0
Sim&Cure	['health']	1.0
SiS-id	['security']	1.0
Skilder	['jobs recruitment', 'enterprise software']	1.0
Skopai	['enterprise software']	1.0
SmartPixels	['fashion']	1.0
Snips	['enterprise software']	1.0
Soitec	['semiconductors']	1.0
Solean	['energy']	1.0
SparingVision	['health']	1.0
Spotlight	['media']	1.0
Sqreen	['security', 'enterprise software']	1.0
SquareMind	['health']	1.0
SteadySun	['energy']	1.0
Step pharma	['health']	1.0
Stimunity	['health']	1.0
Strains	[]	1.0
Sublimed	['health']	1.0
Volta Medical	['health']	1.0
SurfactGreen	[]	1.0
Sylfen	['energy']	1.0
syndivia	['health']	1.0
Synthelis	['health']	1.0
SYOS	['music']	1.0
Syrlinks	['semiconductors']	1.0
TargEDys	['health']	1.0
Databerries	['food']	1.0
Hoppen	['health']	1.0
TellMePlus	['marketing', 'enterprise software']	1.0
Testwe	['education']	1.0
Therachon	['health']	1.0
Theranexus	['health']	1.0
THERAPANACEA	['health']	1.0
Therapixel	['health']	1.0
ThrustMe	['telecom', 'transportation']	1.0
Tiamat Energy	['energy']	1.0
Tissium	['health']	1.0
Tissue Aegis	['health']	1.0
Tollys	['health']	1.0
Tongue Lab	['health']	1.0
Traaser	['health']	1.0
Tradelab	['marketing']	1.0
TransChain	['fintech']	1.0
TransCure bioServices SAS	['health']	1.0
Traxens	['transportation']	1.0
TreeFrog Therapeutics	['health']	1.0
Tricares	['health']	1.0
Tridimeo	['health', 'robotics']	1.0
Trustinsoft	['security']	1.0
Tryon	[]	1.0
Uavia	['robotics']	1.0
Ubleam	['marketing']	1.0
Ultimetas	[]	1.0
Unistellar	[]	1.0
Unseenlabs	['transportation', 'enterprise software']	1.0
UpStride	['enterprise software']	1.0
Uromems	['health']	1.0
Valbiotis	['health', 'wellness beauty']	1.0
Valoneo	['energy']	1.0
Vaxinano	['health']	1.0
Veesion	['security', 'enterprise software']	1.0
Videolabs	['media', 'enterprise software']	1.0
VitaDX Europe	['health']	1.0
Vivoka	['home living', 'robotics']	1.0
Voxaya	['enterprise software']	1.0
voxolab	[]	1.0
VR2Planets	[]	1.0
Vulkam	['semiconductors']	1.0
Captain Contrat	['legal']	1.0
Walnut Algorythm	['fintech']	1.0
Wandercraft	['health', 'robotics']	1.0
Watoo	['security']	1.0
Wavely	['enterprise software']	1.0
Waykonect	['transportation']	1.0
Webdrone	['security']	1.0
Weenat	['food']	1.0
Weeroc	['security', 'semiconductors']	1.0
Whylots	['semiconductors']	1.0
Wi6labs	['telecom']	1.0
WiseBIM	['real estate']	1.0
WiThings	['health']	1.0
Wuha	['enterprise software']	1.0
Wupatec	['telecom', 'semiconductors']	1.0
Xenothera	['health']	1.0
XSun	['robotics', 'transportation']	1.0
Xtramile	['jobs recruitment']	1.0
Xtrem Logic	['semiconductors']	1.0
Yealth	[]	1.0
Ynsect	['food']	1.0
Yogoko	['media', 'telecom']	1.0
Youboox	['media', 'education']	1.0
Z3DLAB	[]	1.0
Zelros	['fintech', 'enterprise software']	1.0
Safran	['transportation']	1.0
DBV Technologies	['health']	1.0
SIGFOX	['telecom']	1.0
Stilla Technologies	['health']	1.0
Imcheck Therapeutics	['health']	1.0
Shift Technology	['security', 'fintech']	1.0
Sequans Communications	['telecom', 'semiconductors']	1.0
Mauna Kea Technologies	['health']	1.0
Kalray	['semiconductors']	1.0
Vivet Therapeutics	['health']	1.0
Robocath	['health']	1.0
DOMAIN Therapeutics	['health']	1.0
Pdc*line pharma	['health']	1.0
Enterome	['health']	1.0
Hyperlex	['legal']	1.0
Nanobiotix	['health']	1.0
Acticor biotech	['health']	1.0
Teemo	['marketing']	1.0
Corwave	['health']	1.0
GenSight Biologics	['health']	1.0
Another Brain	['semiconductors']	1.0
Incepto Medical	['health']	1.0
Eyevensys	['health']	1.0
Inato	['health']	1.0
PKvitality	['health']	1.0
Innov'ATM	['transportation', 'enterprise software']	1.0
NH TherAguix	['health']	1.0
Pixyl	['health']	1.0
Nenuphar-wind	['energy']	1.0
TRiCares	['health']	1.0
Ermium Therapeutics	['health']	1.0
NEOBRAIN	['jobs recruitment']	1.0
Parimmune.com	['health']	1.0
Alice&Bob	[]	1.0
Go Touch VR	[]	1.0
NANOZ	['energy']	1.0
Hera - Mi	['health']	1.0
Uniris	[]	1.0
BONE 3D	['energy', 'semiconductors']	1.0
Ominilabs	['health']	1.0
Microfactory SAS	[]	1.0
GMP Orphan Deutschland	['health']	1.0
Plume Labs	['health', 'home living']	1.0
Pixium Vision	['health']	1.0
Actility	['energy', 'enterprise software']	1.0
Erytech Pharma	['health']	1.0
ENYO Pharma	['health']	1.0
Aryballe Technologies	['food']	1.0
Greenwaves Technologies	['semiconductors']	1.0
Affluent Medical	['health']	1.0
Da Volterra	['health']	1.0
Eligo	['health']	1.0
Scipio bioscience	['health']	1.0
GrAI Matter Labs	['semiconductors']	1.0
Pollen Metrology	['semiconductors', 'enterprise software']	1.0
Upmem	['hosting']	1.0
Advicenne SA	['health']	1.0
ELSALYS BIOTECH	['health']	1.0
Novacyt	['health']	1.0
GamaMabs Pharma	['health']	1.0
Micropep Technologies	['food']	1.0
Stanley Robotics	['robotics', 'transportation']	1.0
Forssea Robotics	['robotics']	1.0
Cosmo Tech	['enterprise software']	1.0
Damae Medical	['health']	1.0
Scibids	['media', 'marketing']	1.0
NAWA Technologies	['energy']	1.0
QuantCube Technology	['fintech', 'enterprise software']	1.0
Epigene Labs	['health']	1.0
Intento Design	['enterprise software']	1.0
Alma Bio Therapeutics	['health']	1.0
Dracula Technologies	['energy']	1.0
Vect-Horus	['health']	1.0
Scintil Photonics	['semiconductors']	1.0
InFlectis BioScience	['health']	1.0
ADVANCED BIODESIGN	['health']	1.0
Spark Lasers	[]	1.0
Exeliom Biosciences	['health', 'jobs recruitment']	1.0
Hcs Pharma	['health', 'media']	1.0
Axilum Robotics	['health']	1.0
Whitelab Genomics	['health']	1.0
Carbon Waters	['energy']	1.0
Lattice Medical	['health']	1.0
MicroBrain Biotech	['health']	1.0
Life plus	['health', 'home living']	1.0
CRYONOVE PHARMA	[]	1.0
Luxia scientific	['health']	1.0
LiMM Therapeutics	['health']	1.0
Metafora biosystems	['health']	1.0
Bgene Genetics	['health']	1.0
Aelis Farma	['health']	1.0
My EGGO	['media']	1.0
Smart-impulse	['energy']	1.0
InBrain Pharma	['health']	1.0
Pytheas Technology	['energy']	1.0
VF Bioscience	['food']	1.0
Urania Therapeutics	['health']	1.0
Holistick medical	['health']	1.0
CryptoNext Security	['security', 'enterprise software']	1.0
Neolys Diagnostics	['health']	1.0
Honing Biosciences	['health']	1.0
Clevexel Pharma	['health']	1.0
Signia Therapeutics	['health']	1.0
Ad Scientiam	['health']	1.0
Allecra Therapeutics	['health']	1.0
Amiral Technologies	['enterprise software']	1.0
ANAPIX Medical	['health']	1.0
AUM BIOSYNC	['health', 'jobs recruitment']	1.0
Axorus	['health', 'semiconductors']	1.0
Azelead	[]	1.0
B Cell Design	['health']	1.0
Biodol Therapeutics	['health']	1.0
CALYXIA	['food']	1.0
Carbon Bee	['food', 'robotics']	1.0
CASIS	['health']	1.0
Cherry Biotech	['health']	1.0
CIP sysTems	['energy']	1.0
Conscience Robotics	['robotics']	1.0
Cozy Cloud	['telecom', 'home living']	1.0
Cryo Pur	['energy']	1.0
Deep River	['energy']	1.0
Picoseq	['health']	1.0
DNA Script	['health']	1.0
Eco-Tech Ceram	['energy']	1.0
EDEN MICROFLUIDICS	['health']	1.0
Eel Energy	['energy']	1.0
Eligo Bioscience	['health']	1.0
Elveflow	['health']	1.0
Exotec Solutions	['robotics']	1.0
Extralab System	[]	1.0
First light imaging	['robotics']	1.0
Flying Whales	['transportation']	1.0
GenePred Biotechnologies	['health']	1.0
Geps Techno	['energy']	1.0
Goliver	['health']	1.0
Hillo	['health']	1.0
Hycco	[]	1.0
Insight Signals	['marketing']	1.0
JUST MINING	['fintech']	1.0
Laclaree Vision	['health']	1.0
Lalilo	[]	1.0
LIFY AIR	[]	1.0
LNC Therapeutics	['health']	1.0
Loma innovation	['wellness beauty']	1.0
Medetia Pharmaceuticals	[]	1.0
Mensia Technologies	['health']	1.0
Motion recall	[]	1.0
Nabla	['enterprise software']	1.0
NANOZ	[]	1.0
N√©olithe	[]	1.0
ProovStation	['transportation']	1.0
QUARKS LAB	['security']	1.0
Quantum Surgical	['health']	1.0
Redberry	['fashion']	1.0
Resolution spectra systems	['semiconductors', 'enterprise software']	1.0
Robank Hood	['fintech']	1.0
Seamless Waves	['semiconductors']	1.0
TRIBVN Healthcare	['health']	1.0
TridekOne	['health']	1.0
United Biometrics	['security']	1.0
WiN MS	[]	1.0
Accenta	['energy']	0.0
Actimesure	['travel', 'robotics']	0.0
Adrenalead	['marketing']	0.0
Aeraccess	['security']	0.0
Agorize	['jobs recruitment']	0.0
Akeneo	['marketing']	0.0
Akwatyx	[]	0.0
Alan	['health', 'fintech']	0.0
ALEPH-NETWORKS	['marketing']	0.0
Alphametry	['fintech']	0.0
Amazjob	['home living']	0.0
AmpliSIM	[]	0.0
Aquassay	['food']	0.0
Artchy	['marketing']	0.0
Asamgo	[]	0.0
Audiospot	['telecom']	0.0
Avanseo	['fintech']	0.0
Axibio	['energy']	0.0
Azetone	[]	0.0
BELEM	['fintech', 'enterprise software']	0.0
BioMiMetiC	['food']	0.0
Black-line	['sports']	0.0
Bubblz	['enterprise software']	0.0
Cleed	['fashion']	0.0
comet	['jobs recruitment']	0.0
Contentarmor	['media', 'enterprise software']	0.0
Dareboost	[]	0.0
DATATEGY	['enterprise software']	0.0
Digitemis	['security']	0.0
Doc.Fr	['health']	0.0
Drapo	['home living']	0.0
EasyMile	['robotics', 'transportation']	0.0
Easyverif	['legal']	0.0
Emundus	['marketing', 'enterprise software']	0.0
Ener-pacte	['energy']	0.0
Epiderm	['health']	0.0
Epur	['home living']	0.0
Equimov	['fintech', 'sports']	0.0
Eventtia	[]	0.0
Exolis	['health']	0.0
Eyye	[]	0.0
Facetts	['security']	0.0
Feeli	['health']	0.0
Ferpection	[]	0.0
FITLE	['fashion']	0.0
Folhomee	['real estate']	0.0
F-Reg	['energy']	0.0
Gangz	[]	0.0
Getpro	['jobs recruitment']	0.0
GitGuardian	['security', 'enterprise software']	0.0
Goodmix	['health', 'food']	0.0
Goodsid	['security']	0.0
Guides-shopping	['fashion', 'telecom']	0.0
Hapticmedia	['marketing']	0.0
Heappi	[]	0.0
Heyliot	['robotics']	0.0
Homeys	['education']	0.0
Hopfab	['home living']	0.0
HRmaps	[]	0.0
Hubtobee	[]	0.0
IDECSI	['security']	0.0
Ideel	['home living']	0.0
Idomed	['health']	0.0
Ilek	['energy']	0.0
Influans	['marketing']	0.0
Inflyter	['transportation']	0.0
Innovsante	['health', 'security']	0.0
INOVAYA	['energy']	0.0
InsideBoard	['marketing']	0.0
Itekube	['marketing']	0.0
Izicap	['fintech', 'marketing']	0.0
Izilaw	['legal']	0.0
JobyPepper	['jobs recruitment']	0.0
Jokosun	['energy']	0.0
Kawaa	['event tech']	0.0
Kazeko	['security']	0.0
Kiddizy	['kids', 'home living']	0.0
KIPLIN	['health']	0.0
Knot	[]	0.0
Krank	['sports']	0.0
Lounjee	['jobs recruitment']	0.0
LUMI'IN	['energy']	0.0
LysPackaging	['food']	0.0
Memento	['media']	0.0
mercurr	[]	0.0
Mipise	['fintech']	0.0
Mixdata	['media']	0.0
Mobeye	['marketing']	0.0
Mobistreet	['transportation']	0.0
Monemprunt.com	['fintech']	0.0
Moneway	['fintech']	0.0
Monmentor.fr	['jobs recruitment']	0.0
Moona	['health']	0.0
MyTutorAbroad	['education']	0.0
Naker	['enterprise software']	0.0
Newcy	['energy']	0.0
Newheat	['energy']	0.0
Noova	[]	0.0
Novengine	['transportation']	0.0
Onecub	['marketing']	0.0
Openergy	['energy']	0.0
O'Sol	[]	0.0
Ouihelp	['health']	0.0
Pandascore	['gaming']	0.0
PayCar	['fintech', 'transportation']	0.0
PayGenius	['fintech']	0.0
Paytweak	['fintech']	0.0
Playeur.co	['fintech', 'sports']	0.0
PRO-SPARE	[]	0.0
Qotto	['energy']	0.0
Quantilia	['fintech', 'enterprise software']	0.0
Quantom	['energy']	0.0
Quorum	['security']	0.0
RESEAUPRO	['event tech', 'marketing']	0.0
Rolide	[]	0.0
Rool'in	['energy', 'transportation']	0.0
Rougier	[]	0.0
Safe-Cyberdefense	['security']	0.0
Sarus	['security']	0.0
Seaturns	['energy']	0.0
Selerys	['food', 'enterprise software']	0.0
SellingAtHome	['marketing', 'enterprise software']	0.0
Shapr	['media']	0.0
Simundia	['education', 'event tech']	0.0
Skiply	['enterprise software']	0.0
SoftLaw	['legal', 'enterprise software']	0.0
SonetSuite	['marketing']	0.0
Spinergie	['energy']	0.0
Stormize	['marketing']	0.0
Swabbl	['enterprise software']	0.0
Synergiz	['enterprise software']	0.0
Target2Sell	['marketing', 'enterprise software']	0.0
Teester	['media']	0.0
Teqoya	['health']	0.0
Touchify	['media']	0.0
Trackinsight	['fintech']	0.0
Tracktor	['real estate']	0.0
Tradefest	['event tech']	0.0
TrainMe	['sports']	0.0
TRANSPOLIS	['transportation']	0.0
Treenox	[]	0.0
Unaide	['health']	0.0
Uneole	[]	0.0
Utip	['media']	0.0
VigiZen	[]	0.0
ViJump	[]	0.0
V-Motech	['transportation', 'semiconductors']	0.0
Ween	['real estate', 'home living']	0.0
WeeSurf	['sports']	0.0
WeNow	['transportation']	0.0
wezzoo	['transportation', 'marketing']	0.0
Wipoz!	[]	0.0
Yogosha	['security', 'enterprise software']	0.0
Yoopies	['kids']	0.0
Youmiam	['food', 'media']	0.0
YouPass	['fintech']	0.0
Zenly	['kids']	0.0
Ze-Watt	['energy', 'transportation']	0.0
Zouzoucar	['kids', 'transportation']	0.0
HelloFresh	['food']	0.0
TheFork	['food']	0.0
Frichti	['food', 'home living']	0.0
Netatmo	[]	0.0
ContentSquare	['marketing', 'enterprise software']	0.0
Dental Monitoring	['health']	0.0
Hugging Face	['media']	0.0
Ceva Sante Animale S.A.	['health', 'marketing']	0.0
Swile (ex-Lunchr)	['fintech', 'food']	0.0
FoodChéri	['food']	0.0
Brigad	['food', 'jobs recruitment']	0.0
Dataiku	['enterprise software']	0.0
Meero	['media']	0.0
InnovOrder	['food', 'enterprise software']	0.0
AB Tasty	['marketing']	0.0
Vivalto Santé	[]	0.0
Sonnedix	['energy']	0.0
Eversend	['fintech']	0.0
Biom Up	['health']	0.0
Jenji	['fintech', 'enterprise software']	0.0
Wynd	['fintech', 'enterprise software']	0.0
Ellcie Healthy	['health']	0.0
Ideol	['energy']	0.0
La Belle Vie	['food']	0.0
Roger voice	['telecom']	0.0
Implicity	['health']	0.0
HostnFly	['travel']	0.0
Cosmo Connected	['transportation']	0.0
Clim8	[]	0.0
Biosynex	['health']	0.0
Equisense	['sports', 'home living']	0.0
HireSweet	['jobs recruitment']	0.0
Pricemoov	['enterprise software']	0.0
VSORA	['telecom', 'semiconductors']	0.0
Innersense	['home living']	0.0
OpenDataSoft	['enterprise software']	0.0
ForePaaS	['enterprise software']	0.0
Goshaba	['jobs recruitment']	0.0
Paymium	['fintech']	0.0
Japet	['health']	0.0
Wefight	['health']	0.0
Novolyze	['food']	0.0
Blue Frog Robotics	['robotics', 'enterprise software']	0.0
In2Bones	['health']	0.0
Donecle	['robotics']	0.0
Tilkal	['food', 'telecom']	0.0
Auxivia	['health']	0.0
Posos	['health']	0.0
OZ Biosciences SAS	['health']	0.0
Meshroom VR	['enterprise software']	0.0
La Fourche	['food']	0.0
Roofstreet	['marketing']	0.0
Algama	['wellness beauty', 'food']	0.0
Imascap SAS	['health']	0.0
In&motion	['sports']	0.0
Skipper NDT	['energy', 'semiconductors']	0.0
Terabee	['travel', 'robotics']	0.0
Enovap	[]	0.0
Amarisoft	['telecom']	0.0
ANAMNESE	['health']	0.0
Aptys Pharmaceuticals SAS,	[]	0.0
OnTracks	['travel', 'transportation']	0.0
Prêt à Pousser	['food', 'home living']	0.0
Aqualeg	['health']	0.0
Neomedlight	['health']	0.0
Cycle farms	['food']	0.0
Enerdigit	['energy']	0.0
Hostabee	['food']	0.0
IFollow	['robotics']	0.0
Divacore	['music', 'home living']	0.0
GeNouRoB	['health']	0.0
SynchroNext	['telecom']	0.0
Sabi Agri	['food', 'robotics']	0.0
Niland	['music']	0.0
GYROLIFT	['robotics']	0.0
FLOD AI	[]	0.0
The WiW	[]	0.0
TexiSense	['education']	0.0
Dexstr	['enterprise software']	0.0
Occi	['enterprise software']	0.0
Turbotech Industrie	['transportation']	0.0
Oniris	['health']	0.0
Bilberry	['food']	0.0
FlightWatching	['transportation']	0.0
Hionos	['robotics', 'enterprise software']	0.0
Innixim	['health', 'jobs recruitment']	0.0
Co-assit	[]	0.0
GOOT	['food', 'enterprise software']	0.0
NeuroSys	[]	0.0
Miravas	[]	0.0
Wyca Robotics	['robotics']	0.0
Zéphyr Solar	['robotics']	0.0
Belovia	[]	0.0
Medihandtrace	['health']	0.0
OneFit Medical	['health']	0.0
Simpulse	['telecom']	0.0
Medsenic	[]	0.0
3Dvarius	['music']	0.0
UROsphere SAS	['health']	0.0
Facepoint	['legal']	0.0
Novitact	[]	0.0
Ip-Maker	[]	0.0
Unibiome	[]	0.0
DRONE ACT	[]	0.0
Batvoice Technologies	['marketing', 'enterprise software']	0.0
Synovo	['health']	0.0
Bloc in Bloc	['real estate', 'enterprise software']	0.0
Mobapi	[]	0.0
Vibiosphen	['health']	0.0
Biocellvia	['health']	0.0
Protifly	['energy']	0.0
Konverso	['enterprise software']	0.0
GreenCityZen	[]	0.0
Storyzy	['enterprise software']	0.0
Timelab SAS	[]	0.0
QualyCloud	['event tech']	0.0
Aeromapper	[]	0.0
Hi-phen	['food']	0.0
Delivery Hero	['food']	0.0
CRITEO	['marketing']	0.0
Ogury	['marketing', 'enterprise software']	0.0
EASYRECRUE	['jobs recruitment']	0.0
La Ruche qui dit Oui!	['food']	0.0
ControlExpert	['fintech', 'transportation']	0.0
Agricool	['food']	0.0
ZenChef	['food', 'marketing']	0.0
Potager City	['food']	0.0
Saagie	['marketing', 'enterprise software']	0.0
LaFourchette	['food']	0.0
tinyclues	['marketing']	0.0
Ekim	['food', 'robotics']	0.0
Coinhouse	['fintech']	0.0
Wilov	['fintech']	0.0
Doctrine	['legal']	0.0
MiiMOSA	['fintech', 'food']	0.0
Extracadabra	['food', 'jobs recruitment']	0.0
Feed.	['food']	0.0
Privateaser	['food', 'event tech']	0.0
Foodles	['food']	0.0
Meditect	['health']	0.0
LePetitBallon	['food']	0.0
Nestor	['food']	0.0
IPaidThat	['fintech']	0.0
Agriconomie	['food']	0.0
Comparateuragricole.com	['food', 'home living']	0.0
Frigo Magic	['food']	0.0
Businesstable	['food', 'event tech']	0.0
Clustaar	['marketing', 'enterprise software']	0.0
Yuka	['food']	0.0
Julie Desk	['enterprise software']	0.0
Chefclub	['food', 'media']	0.0
Storelift	['enterprise software']	0.0
Easilys	['food']	0.0
L'Addition	['food', 'enterprise software']	0.0
Technique Solaire	['energy']	0.0
Vite Mon Marché	['food', 'transportation']	0.0
Baguette Academy	['food', 'education']	0.0
Datananas	['marketing', 'enterprise software']	0.0
Zest HACCP	['food']	0.0
Key Infuser	['robotics', 'marketing']	0.0
Meal Canteen	['food']	0.0
Nateo Healthcare	['health']	0.0
Caviste Authentique	['food']	0.0
CYNBIOSE	['health']	0.0
Wind my roof	['energy']	0.0
Heyday Integrated Circuits	['energy', 'semiconductors']	0.0
Fuzzy Logic Robotics	['robotics']	0.0
Memorize	[]	0.0
1D Lab	['media', 'enterprise software']	0.0
360&1	['marketing', 'enterprise software']	0.0
AB7 Industries	['security']	0.0
Abilian	[]	0.0
About Goods Company	['fintech']	0.0
Pydio	['enterprise software']	0.0
Abricot	['media', 'home living']	0.0
Romy	['wellness beauty']	0.0
Groupe ADF	['real estate']	0.0
Adrenaline Hunter	['travel', 'sports']	0.0
Adok	['enterprise software']	0.0
Advisor SLA	['telecom', 'enterprise software']	0.0
Advanced Accelerator Applications	['health']	0.0
Aedmap	['health']	0.0
Aerial	['media', 'transportation']	0.0
Aeris group	['enterprise software']	0.0
ANSES	['food']	0.0
Aix Sonic	['robotics', 'semiconductors']	0.0
Algae Natural Food	['food']	0.0
Sociallymap	['marketing', 'enterprise software']	0.0
Alkemics	['marketing', 'enterprise software']	0.0
Abe	['sports']	0.0
Otherwise Insurance	['fintech', 'enterprise software']	0.0
Anaxi Technology	[]	0.0
Anova-Plus	['health']	0.0
Appinmail	[]	0.0
APPARTOO	[]	0.0
Aqua-tools	['health']	0.0
AR24	['legal']	0.0
Arcure	[]	0.0
Archos	[]	0.0
Argos VR Systems	[]	0.0
Aroma Therapeutics	['health', 'wellness beauty']	0.0
Minuit Une	['event tech']	0.0
Artips	['media', 'home living']	0.0
Ecole de Biologie Industrielle	[]	0.0
CETI Centre Européen des Textiles Innovants	['home living']	0.0
Aston Itrade Finance	['fintech']	0.0
Atelier du Fruit	['food']	0.0
Auum	[]	0.0
Awacloud	['security', 'hosting']	0.0
Axyn Robotique	['robotics']	0.0
Fizix	['sports']	0.0
Baby Sittor	[]	0.0
BCM Energy group	['energy']	0.0
Beesbusy	[]	0.0
Beekast	['telecom', 'enterprise software']	0.0
Beyond Ratings	['fintech']	0.0
BimBamJob	['jobs recruitment']	0.0
Merieux Nutrisciences Corporation	['food']	0.0
Biolie	[]	0.0
Blade Shadow	['gaming', 'hosting']	0.0
Buddytherobot.com	['kids']	0.0
Blueboard	['marketing']	0.0
Boa Concept	['transportation']	0.0
Boarding Ring	['home living', 'transportation']	0.0
Body cap	['semiconductors']	0.0
Bon de Visite	['real estate']	0.0
BOOKBEO SAS	['media', 'energy']	0.0
BOTIFY	['marketing', 'enterprise software']	0.0
Brasserie Dulion	['food']	0.0
Bcm	[]	0.0
THECALLR	[]	0.0
Calmedica	['semiconductors']	0.0
Camp de Bases	[]	0.0
Caveasy	['food']	0.0
Cellulopack	['food']	0.0
CellMade	['health']	0.0
CellNovo	['health']	0.0
Ceramiques Techniques Industrielles	['security', 'home living']	0.0
CCI Paris Ile de France	[]	0.0
Charge Map	['energy', 'transportation']	0.0
Chouette	['food']	0.0
CIMTECH	[]	0.0
Cineapp	['event tech']	0.0
CityTaps	['fintech', 'telecom']	0.0
Clarteis	['health']	0.0
YusoFleet	['transportation']	0.0
Clean Cells	['health']	0.0
CNIM	['media']	0.0
CMI'nov	[]	0.0
Coating Plasma Industrie	['health']	0.0
Matha (formerly Coding Days)	['education']	0.0
Colisweb	['transportation', 'enterprise software']	0.0
Coldinnov	['energy']	0.0
Comet	['security', 'enterprise software']	0.0
Compumedics Europe	[]	0.0
Conjecto	[]	0.0
Containous	['hosting', 'enterprise software']	0.0
Cooptalis	['telecom', 'jobs recruitment']	0.0
COVALAB	['health']	0.0
CREPIM	['home living']	0.0
Daan Technologies	['home living', 'semiconductors']	0.0
Datarocks	[]	0.0
Deligeo SASU	['education']	0.0
Delta Drone	['robotics']	0.0
DigiMobee SAS	['enterprise software']	0.0
Wosomtech	['real estate']	0.0
Disruptual	[]	0.0
DNA GENSEE	['health']	0.0
Doctolib	['health']	0.0
Domraider	[]	0.0
DP	['marketing']	0.0
DreaminzZz	['health']	0.0
Dronisos	['robotics']	0.0
DxO Labs	['media']	0.0
Dynseo	['health', 'wellness beauty']	0.0
EASY MOUNTAIN	[]	0.0
Ecov	['transportation']	0.0
eduPad	['education']	0.0
EFFICIENCIA	[]	0.0
ELECTRIC LOADING	['energy']	0.0
Eminence SAS	['dating', 'marketing']	0.0
Entech Smart Energies	['energy']	0.0
EONEF	[]	0.0
EpiConcept SAS	['education', 'enterprise software']	0.0
EPHYLA SAS	['education']	0.0
Eqinov	['energy']	0.0
Esi Group	['transportation']	0.0
Evolucare	['health']	0.0
CVG	[]	0.0
Eznov	['travel', 'robotics']	0.0
Ezygain	['health', 'home living']	0.0
Faldes	[]	0.0
FEALINX	[]	0.0
Fidzup	['marketing', 'enterprise software']	0.0
FilmDoo	['media', 'education']	0.0
FinFrog	['fintech']	0.0
Flaneurz	['fashion']	0.0
Flaminem	['gaming', 'fintech']	0.0
Flexio	['media']	0.0
Flowersep	['health']	0.0
Follow	['health', 'enterprise software']	0.0
Fortia Financial Solutions	['legal', 'enterprise software']	0.0
Fundvisory	['fintech']	0.0
Geev	[]	0.0
Gemmyo	['fashion']	0.0
Genes'ink	['energy', 'semiconductors']	0.0
Genymobile	['enterprise software']	0.0
GenOway	['health']	0.0
Géochanvre	['food']	0.0
Georges	['robotics', 'enterprise software']	0.0
Eurasante	[]	0.0
Gladys	['media']	0.0
GLAze	[]	0.0
Glose	['education']	0.0
Glowbl	['media', 'enterprise software']	0.0
Gojob	['jobs recruitment']	0.0
Gosense	['robotics']	0.0
Green Research	['energy']	0.0
Okwind.fr	[]	0.0
Groupeer technologies	['security']	0.0
Hainaut Plast Industry	[]	0.0
Hélicéo	['robotics', 'transportation']	0.0
Hellocare	['health']	0.0
Helio Pur Technologies	['energy']	0.0
InnoBee SC	['energy']	0.0
Hiptest	['hosting', 'enterprise software']	0.0
Lifen	['health']	0.0
HYPNO VR	['health', 'enterprise software']	0.0
HyVibe	['music']	0.0
Idexlab	['enterprise software']	0.0
Idosens	[]	0.0
iDyls	[]	0.0
Golem.ai	[]	0.0
Imbrikation	['marketing', 'enterprise software']	0.0
Imeon Energy	[]	0.0
Impact	[]	0.0
IMPETUS Afea SAS	['energy']	0.0
IndiceA	['fintech']	0.0
INES	['enterprise software']	0.0
INNOPSYS	['health']	0.0
InnoproteaFrance	[]	0.0
Inlead	['marketing', 'enterprise software']	0.0
Inovotion	['health', 'event tech']	0.0
Insoft	[]	0.0
ICO	['fintech']	0.0
INERIS	[]	0.0
InVirtus Technologies	['enterprise software']	0.0
Institut de Prise en Charge de l'Obésité	['health']	0.0
Ipan Ipan	['energy']	0.0
Iroc Technologies Sa	['semiconductors']	0.0
Ism Energie	['energy']	0.0
Ibelem	['education']	0.0
IZBERG Marketplace	['telecom']	0.0
Izi Family	['legal']	0.0
Jobmaker	[]	0.0
Joy	['fashion', 'kids']	0.0
KINETI TECHNOLOGIES	['food', 'enterprise software']	0.0
Kinestesia	['health', 'sports']	0.0
Klara	['health']	0.0
Kolibree	['health']	0.0
Kojo	['food']	0.0
Koom	['enterprise software']	0.0
Kyomed	['health']	0.0
Kwit	['health']	0.0
Icare laboratory	['marketing']	0.0
LEDIXIS	[]	0.0
Libheros	['health', 'home living']	0.0
Lifeaz	['health']	0.0
Lineberty	[]	0.0
Linkurious	['security']	0.0
LiveMon	['security', 'enterprise software']	0.0
Lulu Dans Ma Rue	['home living']	0.0
LUMICORPS	[]	0.0
Motion France	['transportation', 'marketing']	0.0
M3 SYSTEMS	['transportation']	0.0
Machines-3D	[]	0.0
Magnisense	['health']	0.0
Mapado	['travel', 'telecom']	0.0
Maple High Tech	['robotics', 'semiconductors']	0.0
Marguerite	[]	0.0
Mascara	['food', 'energy']	0.0
MDB Texinov	['fashion']	0.0
Medelse	['health']	0.0
Melusyn	['media', 'enterprise software']	0.0
METHAJOULE	['fintech']	0.0
Mini Green Power	['energy']	0.0
Mirakl	['marketing', 'enterprise software']	0.0
Mobi Rider	['marketing']	0.0
Lefty	['marketing']	0.0
Mondragon Assembly Sa	[]	0.0
Mooncard	['fintech']	0.0
MOVE ‘N SEE	['robotics']	0.0
My traffic	['real estate']	0.0
My Cyber Royaume	['health']	0.0
Namaki cosmetics	['wellness beauty']	0.0
Naister	['marketing', 'enterprise software']	0.0
TokTokDoc	[]	0.0
Neuralcat	['education', 'enterprise software']	0.0
Nexidia	['fintech', 'enterprise software']	0.0
Watteco	[]	0.0
Nomad Education	['education']	0.0
Novaday	['food']	0.0
Novaquark	[]	0.0
Protoryper	[]	0.0
NumWorks	[]	0.0
Oncovet Clinical Research	['health', 'home living']	0.0
Octech	['media', 'home living']	0.0
Oledcomm	['telecom']	0.0
OMA	['marketing']	0.0
Qonto	['fintech']	0.0
Oneortho medical	['health']	0.0
ICO by Ondilo	[]	0.0
Open ocean	['energy', 'transportation']	0.0
Openfield Technologies	['real estate']	0.0
OpenDigitalEducation	[]	0.0
Soyooz	[]	0.0
Orfeo	['enterprise software']	0.0
Organeo	['food']	0.0
SECLUDIT	['fintech', 'enterprise software']	0.0
OOYYO	['semiconductors']	0.0
EcoTree	['fintech', 'energy']	0.0
Parkmatch	['transportation']	0.0
PayFit	['fintech', 'enterprise software']	0.0
Prestwick Chemical Inc.	['health']	0.0
Peopeo	[]	0.0
Pixii	[]	0.0
Planete Concept	['food']	0.0
Skillup	['education']	0.0
Prédictice SAS	['legal', 'enterprise software']	0.0
Primaa	['health']	0.0
Prodways	['health']	0.0
Proviridis	[]	0.0
PurchEase	['marketing']	0.0
Purecontrol	[]	0.0
Quai des apps	[]	0.0
Quanta Computing	['enterprise software']	0.0
Reactiv'IP	[]	0.0
Realytics	['marketing', 'enterprise software']	0.0
Reel	['fashion']	0.0
DigiFood	['sports', 'food']	0.0
R&Drone	['robotics']	0.0
Rollkers	['sports', 'transportation']	0.0
RONDOL TECHNOLOGY Ltd	['health']	0.0
Rtech-Œnologie	['food']	0.0
EAZIEER	[]	0.0
Sounds good	[]	0.0
S2P	[]	0.0
Saboga / le taximetre	['travel', 'transportation']	0.0
Save innovations	['energy']	0.0
Solaire Box	['real estate', 'energy']	0.0
Seald	['security', 'enterprise software']	0.0
Sea Proven	['energy', 'robotics']	0.0
Seaver	['sports']	0.0
Sericyne	['fashion']	0.0
Farinia Group	[]	0.0
Shippeo	['transportation']	0.0
SILIOS Technologies	['health', 'robotics']	0.0
Esillage	[]	0.0
Silex	['enterprise software']	0.0
Groupe SILICOM	['enterprise software']	0.0
SimpliField	['enterprise software']	0.0
SkillCorner	['sports']	0.0
Skintifique	['health']	0.0
Skinjay	['wellness beauty']	0.0
Sloclap	['gaming']	0.0
Smartesting	['education', 'event tech']	0.0
Smartviser	['telecom']	0.0
Smart Cast	['real estate']	0.0
Smartfuture	[]	0.0
Eqwall & Dialogfeed	[]	0.0
Sofrinnov	[]	0.0
Soyhuce	[]	0.0
Spendesk	['fintech', 'enterprise software']	0.0
Spideo	['media', 'telecom']	0.0
Spicetronic	[]	0.0
SportBak	['sports']	0.0
Steripure	['food']	0.0
StreamRoot	['media']	0.0
Strane Innovation Sas	[]	0.0
Sunna Design	['energy']	0.0
FundShop	['fintech']	0.0
Swaven	['marketing']	0.0
Swift	['education']	0.0
Sword	[]	0.0
SYMALEAN	[]	0.0
Syscobat	['real estate']	0.0
Synovo Group	[]	0.0
Sysmo	[]	0.0
Interactive-mobility	['media', 'transportation']	0.0
TabMo	['marketing']	0.0
Tempow	['music']	0.0
Teach on Mars	['media', 'enterprise software']	0.0
Javelo	['enterprise software']	0.0
Techni Drone	['robotics', 'transportation']	0.0
Teem Photonics S.A.	['semiconductors']	0.0
Terradona	['energy']	0.0
Tesalys	['health']	0.0
Tetrane	['semiconductors', 'enterprise software']	0.0
Declic et des Trucs	['education', 'kids']	0.0
ToucanToco	['enterprise software']	0.0
Transvalor S.A.	['enterprise software']	0.0
Tresorio	['energy', 'enterprise software']	0.0
Twistaroma	['food']	0.0
Ublo	[]	0.0
Ubi Transports	['transportation']	0.0
Ulule	['fintech']	0.0
UmanIT	[]	0.0
Picto Travel	['food', 'media']	0.0
Utocat	['legal', 'fintech']	0.0
Vectaury	['marketing']	0.0
Vetbiobank	['health']	0.0
Victor & Charles	['travel']	0.0
Virtuo	['travel', 'transportation']	0.0
Wassa	['transportation', 'marketing']	0.0
WATCHDOG SYSTEM	[]	0.0
Wired Beauty Technologies	[]	0.0
Homepulse	[]	0.0
WeMaintain	['real estate']	0.0
WIZWEDGE	[]	0.0
Wizzilab	[]	0.0
Wizzvet	['health', 'home living']	0.0
XiKO	['energy', 'marketing']	0.0
XT-VISION	[]	0.0
Yes It Is	['security', 'food']	0.0
Yuca	['real estate']	0.0
YUZU USA, Inc.	['marketing']	0.0
Zaack	[]	0.0
Zelup	['energy']	0.0
Zenpark	['transportation']	0.0
ZestMeUp	[]	0.0
Zhor Tech	['fashion']	0.0
Meiogenix	['health']	0.5
Wisebatt	['semiconductors']	0.5
Iconem	['real estate', 'robotics']	0.5
Nanolike	['transportation', 'enterprise software']	0.5
IQspot	['energy', 'home living']	0.5
BOREA	['health']	0.5
Chronolife	['health']	0.5
Ryax	[]	0.5
FEELIGREEN	['health', 'wellness beauty']	0.5
Simbals Analytics	['music']	0.5
Alveole	[]	0.5
Abeeway	['transportation', 'enterprise software']	0.5
KeeeX	['security', 'fintech']	0.5
CILcare	['health']	0.5
Icohup	['robotics']	0.5
Dictanova	['marketing', 'enterprise software']	0.5
Gleamer	['health']	0.5
Nexdot	['semiconductors']	0.5
Nukeygara	[]	0.5
EMOSIS	['health']	0.5
WeGoTo	['transportation']	0.5
DSInstruments	['food']	0.5
Domoscio	['enterprise software']	0.5
Vaiomer	['health']	0.5
Altaroad	['transportation']	0.5
Ekinnox	['health']	0.5
Matchable	['gaming']	0.5
Acute3D	['media']	0.5
Fasteesh	['health']	0.5
CardioRenal	['health']	0.5
Doptim	[]	0.5
Billee	['fintech', 'food']	0.5
Vocal Apps	['robotics', 'enterprise software']	0.5
Catopsys	[]	0.5
ATLANGRAM	['health']	0.5
AGV Discovery	['health']	0.5
Myakiatto	[]	0.5
Pollen robotics	['home living', 'robotics']	0.5
Anaquant	['health']	0.5
DELTALYS	['energy']	0.5
DiVA-Cloud	['marketing']	0.5
E-Attract	['real estate']	0.5
Eazylang	['education']	0.5
EikoSim	[]	0.5
Ema	['semiconductors']	0.5
Emersya	['marketing']	0.5
Enovasense	[]	0.5
E-ophtalmo	['health']	0.5
E-SIMS	['energy', 'enterprise software']	0.5
Everblix	['marketing']	0.5
Excambia	['fashion', 'telecom']	0.5
Expertisens	[]	0.5
EXTRACTHIVE	[]	0.5
FASTLITE	['energy', 'semiconductors']	0.5
Finoptim	['home living']	0.5
Fullscale	['hosting']	0.5
Gema	['health']	0.5
Greenleaf	['home living']	0.5
Holdies	['gaming', 'media']	0.5
Hublex	['travel', 'energy']	0.5
Imageens	['health']	0.5
Jobtruster	['jobs recruitment']	0.5
Kalyzee	['media', 'education']	0.5
Kidsplanner	['kids', 'event tech']	0.5
Koober	['telecom']	0.5
K-Ryole	['energy', 'transportation']	0.5
Led's Chat	[]	0.5
Lixoft	['health', 'enterprise software']	0.5
Luxeram	['event tech']	0.5
Makitoo	['enterprise software']	0.5
Malkyrs	['gaming']	0.5
Mars: Hello	['enterprise software']	0.5
Mediego	['marketing', 'enterprise software']	0.5
MetaDesk	[]	0.5
METRIXWARE	['enterprise software']	0.5
MFG Labs	['gaming', 'fintech']	0.5
Moon	['media', 'marketing']	0.5
MoovLab	['sports']	0.5
Payname	[]	0.5
MOVIN'SMART	['sports']	0.5
MuseoPic	['media', 'transportation']	0.5
MyFeelBack	['marketing']	0.5
Myrissi	['marketing']	0.5
NaturalPad	['health']	0.5
Neop	[]	0.5
NeoSensys	['security', 'marketing']	0.5
Odesyo SAS	[]	0.5
ODONATECH	['fintech']	0.5
Optimiz.Me	['media', 'marketing']	0.5
apidaze.io	['telecom']	0.5
Ozcar	['media']	0.5
Physio-Assist	['health']	0.5
Pigmazur.fr	['food']	0.5
Piwio	[]	0.5
Planktovie	['food']	0.5
Quantia	['health']	0.5
QuickDo	[]	0.5
Quiid	['enterprise software']	0.5
Rarecells Diagnostics SAS	['health']	0.5
RHEONOVA	['health']	0.5
Samesame	['health']	0.5
Sancare	['health']	0.5
SAPOVAL	['energy']	0.5
Alg & You	['food', 'home living']	0.5
Unitag	['marketing']	0.5
Scool	['media', 'education']	0.5
Scorelab	['fintech']	0.5
Semiotime	['media']	0.5
Sensostat	['food']	0.5
SHORTOUCH	[]	0.5
SIGNACTIF	[]	0.5
LaBRI	[]	0.5
Situ8ed	['marketing']	0.5
SKWAZEL	[]	0.5
SOFTCORNER	['enterprise software']	0.5
Sol gel way	[]	0.5
Springeo	['hosting']	0.5
Stimergy	['energy']	0.5
Swikly	['fintech']	0.5
Sylha	[]	0.5
Synectique	['enterprise software']	0.5
Telegrafik	['home living']	0.5
Tenevia	['energy']	0.5
TerrOiko	[]	0.5
Tidalys	[]	0.5
www.toutiterre.fr	['food']	0.5
TRAXXS	['fashion']	0.5
Tumbup	[]	0.5
Ubikey	[]	0.5
Unova	['enterprise software']	0.5
Vaonis	['travel']	0.5
Vesta System	['energy']	0.5
Wecover	['fintech', 'transportation']	0.5
Wever	['transportation']	0.5
Whoomies	['media']	0.5
WideSens	['transportation']	0.5
Yousign	['legal', 'enterprise software']	0.5
Ythera	[]	0.5
365Talents	['jobs recruitment', 'enterprise software']	0.5
3D Eau	['energy']	0.5
4D-Virtualiz	['robotics']	0.5
Addbike	['energy', 'transportation']	0.5
NumScale	['semiconductors']	0.5
AIDODYS	['education']	0.5
Quattrocento	['fintech']	0.5
Ambientic	[]	0.5
ANTOFENOL	['health', 'wellness beauty']	0.5
Antsway	['transportation', 'enterprise software']	0.5
Appie	['food']	0.5
Aqsitania	['health', 'enterprise software']	0.5
Arthur Dupuy	['marketing']	0.5
Artefact	['marketing']	0.5
ATAWEY	['energy', 'transportation']	0.5
Authentic Material	[]	0.5
Aviitam	['wellness beauty']	0.5
Axellience	['enterprise software']	0.5
Azameo	['marketing']	0.5
BeamPulse	['marketing']	0.5
Biin	['fintech']	0.5
NIREA (formerly Bigarren Bizi)	['energy']	0.5
Bioentech	['energy', 'enterprise software']	0.5
Biopic	['food']	0.5
B°Ker	['health']	0.5
Calnesis	['health', 'energy']	0.5
Cryptosense	['security', 'enterprise software']	0.5
Dejamobile	['fintech', 'enterprise software']	0.5
Ekyno company	['sports']	0.5
STIM PATENT LAB	[]	0.5
France Labs	[]	0.5
Instant System	['enterprise software']	0.5
Citodi	['transportation']	0.5
La Devanture	['real estate']	0.5
Le Closet	['fashion']	0.5
Microbia Environnement	[]	0.5
Opta LP	['home living']	0.5
Ownpage Technology	['enterprise software']	0.5
Per Angusta	['enterprise software']	0.5
PowerUp	['energy']	0.5
Transaction Connect	['fintech', 'marketing']	0.5
